{
  "weights": [
    [
      [
        -0.2743881370013602
      ],
      [
        -0.12443518074641861
      ],
      [
        1.3444403033160621
      ],
      [
        -1.3055542424635012
      ],
      [
        -0.2426892113162679
      ],
      [
        -0.5740450109033048
      ],
      [
        0.03423752267617448
      ],
      [
        0.11879592329954944
      ],
      [
        -0.5669085392933068
      ],
      [
        0.08507426526809964
      ],
      [
        0.1669085885244576
      ],
      [
        1.690495114873559
      ],
      [
        0.3291807442004805
      ],
      [
        -0.7763367459319729
      ],
      [
        -0.019302513013591985
      ],
      [
        0.3532372500280942
      ]
    ],
    [
      0.039164726943905354,
      0.48892699446952,
      -2.236331211827241,
      0.4632331663696853,
      1.3249119200375925,
      -1.4336771269930537,
      -0.3760248527593837,
      1.1029768543396306,
      -0.6916560147122014,
      -0.8495718925936898,
      -1.3833809624729738,
      1.3962098265113456,
      1.1977567155959532,
      -1.156666158346909,
      0.6760181753620373,
      1.401731477052596
    ],
    [
      [
        -0.4883204032999751,
        -0.622303311381931
      ],
      [
        -0.2757495858432177,
        -2.6783471088017214
      ],
      [
        0.36498477304015947,
        -0.4009343243420655
      ],
      [
        0.1450842440276683,
        -0.4830874317376264
      ],
      [
        -1.422266969852914,
        0.05280343013228493
      ],
      [
        1.9063796876298735,
        -1.5387488722384923
      ],
      [
        0.7745089132157966,
        0.2113700647785668
      ],
      [
        -0.4277377942352707,
        0.39421654008688956
      ]
    ],
    [
      -2.2166399123145335,
      -0.18186838368061894
    ]
  ],
  "mean": 0.004045380279421806,
  "std": 1.9332679510116577
}