{
  "weights": [
    [
      [
        0.3883486023301256
      ],
      [
        -0.058144054395399304
      ],
      [
        0.3031635967155
      ],
      [
        -0.39001050819470673
      ],
      [
        0.1064947969968147
      ],
      [
        -2.2073554331561924
      ],
      [
        1.1503920300212065
      ],
      [
        -1.41627584466476
      ],
      [
        -0.27490871830243785
      ],
      [
        -0.28187947286680265
      ],
      [
        -1.8118598954015808
      ],
      [
        0.8797771701740885
      ],
      [
        -1.738387208166238
      ],
      [
        0.4344837809193903
      ],
      [
        -1.5281804651604096
      ],
      [
        -0.2701148764337239
      ]
    ],
    [
      -0.03217123441068656,
      2.010886812046076,
      1.119074268582281,
      0.3493542077929393,
      0.09752744837157065,
      -0.0072491472994641905,
      -2.267600256810057,
      0.4747227608385637,
      1.2675113472495803,
      -0.11458742009683397,
      -1.8356708240434443,
      -0.6003550861571493,
      0.322948081030194,
      0.6971865907380549,
      1.2616073304899975,
      1.8873155048621846
    ],
    [
      [
        -0.19186297537910485,
        0.9120456445852718
      ],
      [
        1.5108498620110855,
        0.25024688703000886
      ],
      [
        -0.2629074205778356,
        -0.7346399845320745
      ],
      [
        1.164285202757,
        -2.6487702947533327
      ],
      [
        -0.2645930044356857,
        -2.1491661680488177
      ],
      [
        -1.5952880377596816,
        -0.1236884327484742
      ],
      [
        -0.10101031324435558,
        -0.6438529382469558
      ],
      [
        -1.5281682126134322,
        -2.3571662912187334
      ]
    ],
    [
      -1.249639543066826,
      -0.12775413265770136
    ]
  ],
  "mean": 0.00415743188932538,
  "std": 2.0772883892059326
}