{
  "weights": [
    [
      [
        -1.14849788356533
      ],
      [
        -0.058144054395399304
      ],
      [
        -0.762641921984695
      ],
      [
        -0.5155626221541271
      ],
      [
        0.1064947969968147
      ],
      [
        -2.2073554331561924
      ],
      [
        -1.0231556757659155
      ],
      [
        -1.41627584466476
      ],
      [
        -1.3754094462165085
      ],
      [
        -0.28187947286680265
      ],
      [
        -1.8118598954015808
      ],
      [
        0.8797771701740885
      ],
      [
        -1.738387208166238
      ],
      [
        0.4344837809193903
      ],
      [
        -1.5281804651604096
      ],
      [
        -0.2701148764337239
      ]
    ],
    [
      -0.03217123441068656,
      2.010886812046076,
      0.2198998981685808,
      0.3493542077929393,
      0.09752744837157065,
      1.3047341279445894,
      -2.267600256810057,
      0.4747227608385637,
      1.2675113472495803,
      -0.11458742009683397,
      -1.8356708240434443,
      -0.6003550861571493,
      0.322948081030194,
      0.6971865907380549,
      0.16363255992962922,
      1.8873155048621846
    ],
    [
      [
        -0.19186297537910485,
        1.5733688080296573
      ],
      [
        1.5108498620110855,
        0.2908656486137305
      ],
      [
        -0.2629074205778356,
        -0.7346399845320745
      ],
      [
        1.164285202757,
        -2.6487702947533327
      ],
      [
        1.3782735411680993,
        -2.1491661680488177
      ],
      [
        -1.5952880377596816,
        -0.1236884327484742
      ],
      [
        0.9780303903651096,
        -0.7327311825582051
      ],
      [
        -1.5281682126134322,
        -2.3571662912187334
      ]
    ],
    [
      -1.249639543066826,
      -0.12775413265770136
    ]
  ],
  "mean": 0.00415743188932538,
  "std": 2.0772883892059326
}