{
  "weights": [
    [
      [
        0.3883486023301256
      ],
      [
        -0.058144054395399304
      ],
      [
        0.3031635967155
      ],
      [
        -0.5155626221541271
      ],
      [
        0.1064947969968147
      ],
      [
        -2.2073554331561924
      ],
      [
        1.1503920300212065
      ],
      [
        1.4698348118986293
      ],
      [
        -0.38889590351950504
      ],
      [
        -0.28187947286680265
      ],
      [
        -1.8118598954015808
      ],
      [
        -0.26517860255908865
      ],
      [
        -1.738387208166238
      ],
      [
        0.4344837809193903
      ],
      [
        -1.5281804651604096
      ],
      [
        -0.7132327324969193
      ]
    ],
    [
      -0.03217123441068656,
      2.010886812046076,
      0.2198998981685808,
      -1.1774339906716123,
      0.09752744837157065,
      -0.5656093119270049,
      -2.267600256810057,
      0.4747227608385637,
      1.2675113472495803,
      -0.11458742009683397,
      -1.8356708240434443,
      -0.6003550861571493,
      0.322948081030194,
      -0.22158975583711804,
      1.2616073304899975,
      1.8873155048621846
    ],
    [
      [
        -0.19186297537910485,
        1.5733688080296573
      ],
      [
        1.5108498620110855,
        0.2908656486137305
      ],
      [
        0.4327257947712933,
        -0.7346399845320745
      ],
      [
        1.164285202757,
        -2.6487702947533327
      ],
      [
        -0.2645930044356857,
        0.8225222134115515
      ],
      [
        -1.5952880377596816,
        -0.1236884327484742
      ],
      [
        -0.10101031324435558,
        -0.7327311825582051
      ],
      [
        -1.5281682126134322,
        -0.3591412740086864
      ]
    ],
    [
      -1.249639543066826,
      -0.12775413265770136
    ]
  ],
  "mean": 0.00415743188932538,
  "std": 2.0772883892059326
}