{
  "weights": [
    [
      [
        -0.559260903047428
      ],
      [
        0.3650194676614818
      ],
      [
        -1.853198592271446
      ],
      [
        0.9164706340237909
      ],
      [
        0.9355623193812158
      ],
      [
        0.24840381714946572
      ],
      [
        0.257497497443625
      ],
      [
        -0.46758167223356784
      ],
      [
        -0.321251575483291
      ],
      [
        0.4662739304613629
      ],
      [
        2.342281044859986
      ],
      [
        -0.21916681408916705
      ],
      [
        2.00799966553617
      ],
      [
        -1.3338244027441368
      ],
      [
        1.0890173659435716
      ],
      [
        0.27223744316071075
      ]
    ],
    [
      1.01724753169427,
      -1.6243050464699884,
      -1.9537143397923185,
      0.5110549877310617,
      1.9273701127408156,
      -0.7233863787065627,
      1.1656178222636955,
      -1.495853189841808,
      1.603115595676029,
      -0.8289141150256361,
      1.3699851532007372,
      -0.3191469027702572,
      -0.0857037959404868,
      -1.489756327005035,
      1.6881541862337026,
      -1.5740033036161016
    ],
    [
      [
        0.7722409677617048,
        0.7329158226404179
      ],
      [
        1.3931216949268905,
        -0.17091531637379573
      ],
      [
        -0.22968769445013582,
        0.7605915308250057
      ],
      [
        -0.05666294137226382,
        -0.19841068319561228
      ],
      [
        -1.9483429006801776,
        2.5644596204360246
      ],
      [
        0.4454246983024339,
        -1.3245749437328653
      ],
      [
        0.3478755543210402,
        -0.11578326607639415
      ],
      [
        -2.0217270826391394,
        0.06441346353730242
      ]
    ],
    [
      -0.8891891055687077,
      -0.633616861363222
    ]
  ],
  "mean": 0.00413512671366334,
  "std": 2.077049493789673
}