{
  "weights": [
    [
      [
        1.436969723646316
      ],
      [
        -0.28913188025145103
      ],
      [
        0.18476093150121622
      ],
      [
        0.16043621230722974
      ],
      [
        1.387698653907224
      ],
      [
        -1.154926094987542
      ],
      [
        -0.8947577973105897
      ],
      [
        0.3535579719799395
      ],
      [
        0.01955277591694593
      ],
      [
        -0.49054886283038107
      ],
      [
        0.5280203528635056
      ],
      [
        1.1733239961393716
      ],
      [
        0.6138240435084829
      ],
      [
        -0.1041315848267349
      ],
      [
        -0.14721241836719456
      ],
      [
        -0.17957861200849481
      ]
    ],
    [
      -1.0979515467230916,
      0.9536432182822945,
      -0.3059067948137885,
      1.7041478031172133,
      0.6833660160922824,
      1.1962600999500397,
      0.43515246369334354,
      -0.09340360333569314,
      1.2059710874810072,
      2.3680726945698467,
      -1.0476803439411915,
      0.20785319472139538,
      -0.8503107947932056,
      -1.6479184819084578,
      0.2550496968582494,
      0.2445246419688681
    ],
    [
      [
        1.2156524863228564,
        0.46702028923784833
      ],
      [
        -1.3095372092103703,
        2.0423952293253187
      ],
      [
        -2.397400582227819,
        -2.1776339120051573
      ],
      [
        -1.210546826038313,
        0.6203174153114782
      ],
      [
        0.17497095334311183,
        -0.3986073267252974
      ],
      [
        1.2216031378837158,
        -1.3561433221646224
      ],
      [
        -0.8957173099449512,
        -0.21097278928725016
      ],
      [
        1.8134057241966004,
        2.27222638002393
      ]
    ],
    [
      -0.37547416189960836,
      -0.5638501653286614
    ]
  ],
  "mean": -7.673528307350352e-05,
  "std": 1.8343607187271118
}