{
  "weights": [
    [
      [
        2.001985283592787
      ],
      [
        0.2805857737995826
      ],
      [
        -0.6350839500170801
      ],
      [
        0.4095431186905221
      ]
    ],
    [
      -1.7836084684584288,
      1.2797099397060092,
      -1.375174150896092,
      0.4251074211656093
    ],
    [
      [
        1.37503008609579,
        1.9763836258840124
      ],
      [
        0.6999345498871634,
        0.15074125923603887
      ]
    ],
    [
      -0.20723626068771991,
      -0.010216636612130492
    ]
  ],
  "mean": 0.009435889311134815,
  "std": 2.0010502338409424
}