{
  "weights": [
    [
      [
        -2.546761585204883
      ],
      [
        -0.7288647259741896
      ],
      [
        -0.37301294472767144
      ],
      [
        0.20562971940639768
      ],
      [
        1.0208676852161518
      ],
      [
        -0.26747907012981753
      ],
      [
        -0.36076648752238233
      ],
      [
        0.694842990540152
      ]
    ],
    [
      0.8859808904403591,
      1.2604183559742477,
      1.005695806037156,
      1.610369295505179,
      -0.1691705337645072,
      0.773200589556867,
      0.5660599533477885,
      -0.3015767190013246
    ],
    [
      [
        0.01062799760866476,
        0.10166854396629374
      ],
      [
        -1.2567653836555013,
        1.2611887333473444
      ],
      [
        0.8386310943681795,
        -0.8981479575261915
      ],
      [
        0.82802452587525,
        -1.179749216561686
      ]
    ],
    [
      -0.17922906906291708,
      -0.14246083208514437
    ]
  ],
  "mean": 0.004133157432079315,
  "std": 2.0770626068115234
}